{
  "dev": {
    "awscloudformation": {
      "AuthRoleName": "amplify-amplifyapp-dev-161736-authRole",
      "UnauthRoleArn": "arn:aws:iam::541651154408:role/amplify-amplifyapp-dev-161736-unauthRole",
      "AuthRoleArn": "arn:aws:iam::541651154408:role/amplify-amplifyapp-dev-161736-authRole",
      "Region": "ap-south-1",
      "DeploymentBucketName": "amplify-amplifyapp-dev-161736-deployment",
      "UnauthRoleName": "amplify-amplifyapp-dev-161736-unauthRole",
      "StackName": "amplify-amplifyapp-dev-161736",
      "StackId": "arn:aws:cloudformation:ap-south-1:541651154408:stack/amplify-amplifyapp-dev-161736/78592510-c643-11ed-92af-02b1e3f277a2",
      "AmplifyAppId": "dv5xk7agnvstu"
    },
    "categories": {
      "api": {
        "amplifyapp": {}
      }
    }
  }
}