{
  "providers": {
    "awscloudformation": {
      "AuthRoleName": "amplify-amplifyapp-dev-161736-authRole",
      "UnauthRoleArn": "arn:aws:iam::541651154408:role/amplify-amplifyapp-dev-161736-unauthRole",
      "AuthRoleArn": "arn:aws:iam::541651154408:role/amplify-amplifyapp-dev-161736-authRole",
      "Region": "ap-south-1",
      "DeploymentBucketName": "amplify-amplifyapp-dev-161736-deployment",
      "UnauthRoleName": "amplify-amplifyapp-dev-161736-unauthRole",
      "StackName": "amplify-amplifyapp-dev-161736",
      "StackId": "arn:aws:cloudformation:ap-south-1:541651154408:stack/amplify-amplifyapp-dev-161736/78592510-c643-11ed-92af-02b1e3f277a2",
      "AmplifyAppId": "dv5xk7agnvstu"
    }
  },
  "api": {
    "amplifyapp": {
      "service": "AppSync",
      "providerPlugin": "awscloudformation",
      "dependsOn": [],
      "output": {
        "authConfig": {
          "defaultAuthentication": {
            "authenticationType": "API_KEY",
            "apiKeyConfig": {
              "apiKeyExpirationDays": 7
            }
          },
          "additionalAuthenticationProviders": []
        },
        "GraphQLAPIIdOutput": "yslelcsvczec7at7wcgswvc4z4",
        "GraphQLAPIEndpointOutput": "https://tcou7mnxvrg5rpa3bazos3ucke.appsync-api.ap-south-1.amazonaws.com/graphql",
        "GraphQLAPIKeyOutput": "da2-3voie5fpmbcnxg5pbezqp2wb64"
      },
      "providerMetadata": {
        "s3TemplateURL": "https://s3.amazonaws.com/amplify-amplifyapp-dev-161736-deployment/amplify-cfn-templates/api/cloudformation-template.json",
        "logicalId": "apiamplifyapp"
      },
      "lastPushTimeStamp": "2023-03-19T11:27:49.619Z",
      "lastPushDirHash": "DlwEEn8qmhuyrMTYKI6MM9Te0ww="
    }
  }
}