{
  "dev": {
    "awscloudformation": {
      "AuthRoleName": "amplify-flightbooking-dev-142122-authRole",
      "UnauthRoleArn": "arn:aws:iam::541651154408:role/amplify-flightbooking-dev-142122-unauthRole",
      "AuthRoleArn": "arn:aws:iam::541651154408:role/amplify-flightbooking-dev-142122-authRole",
      "Region": "ap-south-1",
      "DeploymentBucketName": "amplify-flightbooking-dev-142122-deployment",
      "UnauthRoleName": "amplify-flightbooking-dev-142122-unauthRole",
      "StackName": "amplify-flightbooking-dev-142122",
      "StackId": "arn:aws:cloudformation:ap-south-1:541651154408:stack/amplify-flightbooking-dev-142122/e6428410-c957-11ed-84d0-02910a581e68",
      "AmplifyAppId": "d2wfygm7ruhmgf"
    },
    "categories": {
      "api": {
        "flightbooking": {}
      },
      "auth": {
        "flightbookinge0aeced0": {}
      }
    }
  }
}