{
  "providers": {
    "awscloudformation": {
      "AuthRoleName": "amplify-flightbooking-dev-142122-authRole",
      "UnauthRoleArn": "arn:aws:iam::541651154408:role/amplify-flightbooking-dev-142122-unauthRole",
      "AuthRoleArn": "arn:aws:iam::541651154408:role/amplify-flightbooking-dev-142122-authRole",
      "Region": "ap-south-1",
      "DeploymentBucketName": "amplify-flightbooking-dev-142122-deployment",
      "UnauthRoleName": "amplify-flightbooking-dev-142122-unauthRole",
      "StackName": "amplify-flightbooking-dev-142122",
      "StackId": "arn:aws:cloudformation:ap-south-1:541651154408:stack/amplify-flightbooking-dev-142122/e6428410-c957-11ed-84d0-02910a581e68",
      "AmplifyAppId": "d2wfygm7ruhmgf"
    }
  },
  "api": {
    "flightbooking": {
      "service": "AppSync",
      "providerPlugin": "awscloudformation",
      "dependsOn": [],
      "output": {
        "authConfig": {
          "defaultAuthentication": {
            "authenticationType": "API_KEY",
            "apiKeyConfig": {
              "apiKeyExpirationDays": 7
            }
          },
          "additionalAuthenticationProviders": []
        },
        "GraphQLAPIIdOutput": "ud3yvnkqpvblzjz3fsikeawvdu",
        "GraphQLAPIEndpointOutput": "https://wqwqtgnz5zh5ffx43s6wsd5mue.appsync-api.ap-south-1.amazonaws.com/graphql",
        "GraphQLAPIKeyOutput": "da2-b5qsvnb3fzcpbkafgs6tl7axvi"
      },
      "providerMetadata": {
        "s3TemplateURL": "https://s3.amazonaws.com/amplify-flightbooking-dev-142122-deployment/amplify-cfn-templates/api/cloudformation-template.json",
        "logicalId": "apiflightbooking"
      },
      "lastPushTimeStamp": "2023-03-23T10:13:21.331Z",
      "lastPushDirHash": "vCUxoQ2Vc+XfVUQ8m4E6QJA+4rk="
    }
  },
  "auth": {
    "flightbookinge0aeced0": {
      "service": "Cognito",
      "providerPlugin": "awscloudformation",
      "dependsOn": [],
      "customAuth": false,
      "frontendAuthConfig": {
        "socialProviders": [],
        "usernameAttributes": [],
        "signupAttributes": [
          "EMAIL"
        ],
        "passwordProtectionSettings": {
          "passwordPolicyMinLength": 8,
          "passwordPolicyCharacters": []
        },
        "mfaConfiguration": "OFF",
        "mfaTypes": [
          "SMS"
        ],
        "verificationMechanisms": [
          "EMAIL"
        ]
      },
      "providerMetadata": {
        "s3TemplateURL": "https://s3.amazonaws.com/amplify-flightbooking-dev-142122-deployment/amplify-cfn-templates/auth/flightbookinge0aeced0-cloudformation-template.json",
        "logicalId": "authflightbookinge0aeced0"
      },
      "lastPushTimeStamp": "2023-03-23T10:13:22.179Z",
      "output": {
        "UserPoolId": "ap-south-1_lmvKaeLrp",
        "AppClientIDWeb": "24q6v5f7dprdi8bqf12sqheaft",
        "AppClientID": "653o6itvttenklc4q9vhide1p7",
        "IdentityPoolId": "ap-south-1:a12db8d2-bd14-4c2a-87b2-f79ae2bd1e3a",
        "UserPoolArn": "arn:aws:cognito-idp:ap-south-1:541651154408:userpool/ap-south-1_lmvKaeLrp",
        "IdentityPoolName": "flightbookinge0aeced0_identitypool_e0aeced0__dev",
        "UserPoolName": "flightbookinge0aeced0_userpool_e0aeced0"
      },
      "lastPushDirHash": "kPMpPS8dkoEyxmEOagxz1Us3riE="
    }
  }
}